﻿pos_x,pos_y,rotation,side,designator,mpn,pack,footprint,value,mount_type
157.925,-111.925,90.0,top,C1,,,C_0603_1608Metric,1uF,smt
159.5,-92.4,-90.0,top,C10,,,C_0603_1608Metric,0.1uF,smt
149.3,-87.3875,-90.0,top,C11,,,C_0603_1608Metric,0.1uF,smt
149.2,-99.6625,-90.0,top,C12,,,C_0603_1608Metric,0.1uF,smt
159.925,-111.925,90.0,top,C13,,,C_0603_1608Metric,10uF,smt
149.1,-111.9,-90.0,top,C15,,,C_0603_1608Metric,0.1uF,smt
162.025,-94.82,180.0,top,C2,,,C_0603_1608Metric,0.1uF,smt
162.025,-93.3,180.0,top,C3,,,C_0603_1608Metric,0.1uF,smt
162.025,-91.8,180.0,top,C4,,,C_0603_1608Metric,0.1uF,smt
162.025,-90.3,180.0,top,C5,,,C_0603_1608Metric,0.1uF,smt
159.225,-107.9,0.0,top,C6,,,C_0603_1608Metric,0.1uF,smt
166.76,-116.0,0.0,top,C7,,,C_0603_1608Metric,0.1uF,smt
168.9,-83.4,180.0,top,C8,,,C_0603_1608Metric,20P,smt
158.3,-83.4,0.0,top,C9,,,C_0603_1608Metric,20P,smt
164.6,-118.6,90.0,top,DOWN1,,,PinHeader_1x04_P2.54mm_Vertical,USBA-A,tht
146.7,-87.7125,0.0,top,DOWN2,,,PinHeader_1x04_P2.54mm_Vertical,USBA-A,tht
146.6,-99.9625,0.0,top,DOWN3,,,PinHeader_1x04_P2.54mm_Vertical,USBA-A,tht
146.5,-112.16,0.0,top,DOWN4,,,PinHeader_1x04_P2.54mm_Vertical,USBA-A,tht
169.66,-111.0,0.0,top,EC2,,,CP_EIA-7343-31_Kemet-D,100uF,smt
154.3,-90.4125,-90.0,top,EC3,,,CP_EIA-7343-31_Kemet-D,100uF,smt
154.2,-102.6625,-90.0,top,EC4,,,CP_EIA-7343-31_Kemet-D,100uF,smt
154.1,-114.8,-90.0,top,EC5,,,CP_EIA-7343-31_Kemet-D,100uF,smt
150.25,-75.1125,-90.0,top,J1,,,JST_PH_S4B-PH-K_1x04_P2.00mm_Horizontal,Conn_01x04_Pin,tht
154.11,-74.4125,90.0,top,J2,,,PinHeader_1x04_P2.54mm_Vertical,Conn_01x04_Pin,tht
174.0,-101.0,0.0,top,J3,,,PinHeader_1x02_P2.54mm_Vertical,Conn_01x02_Pin,tht
173.6,-85.8,90.0,top,J4,,,TE_4-1734839-0_1x40-1MP_P0.5mm_Horizontal,Conn_01x40,smt
169.2,-93.4625,90.0,top,LB1,,,L_0805_2012Metric,FB,smt
158.925,-109.525,0.0,top,LB2,,,L_0805_2012Metric,FB,smt
166.96,-114.3,180.0,top,LB3,,,L_0805_2012Metric,FB,smt
151.0,-87.7125,90.0,top,LB4,,,L_0805_2012Metric,FB,smt
150.9,-99.9625,90.0,top,LB5,,,L_0805_2012Metric,FB,smt
150.8,-112.2,90.0,top,LB6,,,L_0805_2012Metric,FB,smt
163.125,-108.6325,90.0,top,LED1,,,LED_0603_1608Metric,PWR_LED,smt
158.7,-94.7,180.0,top,R1,,,R_0603_1608Metric,10K,smt
163.125,-111.725,-90.0,top,R2,,,R_0603_1608Metric,470R,smt
166.825,-94.075,-90.0,top,R3,,,R_0603_1608Metric,680R 1%,smt
161.525,-110.4075,-90.0,top,R4,,,R_0603_1608Metric,100K,smt
158.0,-92.4,-90.0,top,R5,,,R_0603_1608Metric,47K,smt
164.0,-102.3,-90.0,top,U1,,,SSOP-28_5.3x10.2mm_P0.65mm,GL850AUSB,smt
163.6,-86.8,180.0,top,X1,,,Crystal_SMD_HC49-SD,12MHz,smt
