﻿Designator,Quantity,Value,Footprint,Package,MPN,DNP,Mount_Type,Description
C1,1,1uF,C_0603_1608Metric,,,,smt,
"C10, C11, C12, C15, C2, C3, C4, C5, C6, C7",10,0.1uF,C_0603_1608Metric,,,,smt,
C13,1,10uF,C_0603_1608Metric,,,,smt,
"C8, C9",2,20P,C_0603_1608Metric,,,,smt,
"EC2, EC3, EC4, EC5",4,100uF,CP_EIA-7343-31_Kemet-D,,,,smt,
J1,1,Conn_01x04_Pin,JST_PH_S4B-PH-K_1x04_P2.00mm_Horizontal,,,,tht,"Generic connector, single row, 01x04, script generated"
J3,1,Conn_01x02_Pin,PinHeader_1x02_P2.54mm_Vertical,,,Yes,tht,"Generic connector, single row, 01x02, script generated"
J4,1,Conn_01x40,TE_4-1734839-0_1x40-1MP_P0.5mm_Horizontal,,,,smt,"Generic connector, single row, 01x40, script generated (kicad-library-utils/schlib/autogen/connector/)"
"LB1, LB2, LB3, LB4, LB5, LB6",6,FB,L_0805_2012Metric,,,,smt,
LED1,1,PWR_LED,LED_0603_1608Metric,,,,smt,
R1,1,10K,R_0603_1608Metric,,,,smt,
R2,1,470R,R_0603_1608Metric,,,,smt,
R3,1,680R 1%,R_0603_1608Metric,,,,smt,
R4,1,100K,R_0603_1608Metric,,,,smt,
R5,1,47K,R_0603_1608Metric,,,,smt,
U1,1,GL850AUSB,SSOP-28_5.3x10.2mm_P0.65mm,,,,smt,
X1,1,12MHz,Crystal_SMD_HC49-SD,,,,smt,
